{"cameraMode":{"drawMode":0,"name":"Shaded","section":"Shading Mode"},"sceneLighting":true,"audioPlay":false,"sceneViewState":{"m_AlwaysRefresh":false,"showFog":true,"showSkybox":true,"showFlares":true,"showImageEffects":true,"showParticleSystems":true,"showVisualEffectGraphs":true,"m_FxEnabled":true},"in2DMode":false,"pivot":{"x":0.43249720335006716,"y":-8.63536548614502,"z":-0.8040668368339539},"rotation":{"x":0.11693023145198822,"y":0.7171419858932495,"z":-0.12406361848115921,"w":0.6758438944816589},"size":0.32543063163757326,"orthographic":false}