{"cameraMode":{"drawMode":0,"name":"Shaded","section":"Shading Mode"},"sceneLighting":true,"audioPlay":false,"sceneViewState":{"m_AlwaysRefresh":false,"showFog":true,"showSkybox":true,"showFlares":true,"showImageEffects":true,"showParticleSystems":true,"showVisualEffectGraphs":true,"m_FxEnabled":true},"in2DMode":false,"pivot":{"x":-0.7877359390258789,"y":-0.34849950671195986,"z":-0.3078896403312683},"rotation":{"x":0.1853414922952652,"y":-0.6729857921600342,"z":0.17997851967811585,"w":0.6930834650993347},"size":5.386404991149902,"orthographic":false}