{"cameraMode":{"drawMode":0,"name":"Shaded","section":"Shading Mode"},"sceneLighting":true,"audioPlay":false,"sceneViewState":{"m_AlwaysRefresh":false,"showFog":true,"showSkybox":true,"showFlares":true,"showImageEffects":true,"showParticleSystems":true,"showVisualEffectGraphs":true,"m_FxEnabled":true},"in2DMode":false,"pivot":{"x":1.0299997329711915,"y":-8.619999885559082,"z":-0.05000019073486328},"rotation":{"x":-0.16190309822559358,"y":0.6719539761543274,"z":-0.15396209061145783,"w":-0.7061743140220642},"size":19.875272750854493,"orthographic":false}