{"cameraMode":{"drawMode":0,"name":"Shaded","section":"Shading Mode"},"sceneLighting":true,"audioPlay":false,"sceneViewState":{"m_AlwaysRefresh":false,"showFog":true,"showSkybox":true,"showFlares":true,"showImageEffects":true,"showParticleSystems":true,"showVisualEffectGraphs":true,"m_FxEnabled":true},"in2DMode":false,"pivot":{"x":-12.898119926452637,"y":-14.084731101989746,"z":0.07113142311573029},"rotation":{"x":0.08634866774082184,"y":-0.7060372233390808,"z":0.08760399371385575,"w":0.6975279450416565},"size":12.699331283569336,"orthographic":false}